"geometry_alias","case_name","result_path","status","file_count","total_bytes"
"Av4_3244","20270301_h450_r0_p0_y0_TPMC_N400000_S101","results/Av4_3244/20270301_h450_r0_p0_y0_TPMC_N400000_S101","RESULTS_PRESENT","9","3463865"
"Av4_3244","20270301_h450_r0_p0_y45_TPMC_N400000_S101","results/Av4_3244/20270301_h450_r0_p0_y45_TPMC_N400000_S101","NO_OUTPUT","0","0"
"Av4_3244","20270301_h450_r0_p0_y90_TPMC_N400000_S101","results/Av4_3244/20270301_h450_r0_p0_y90_TPMC_N400000_S101","NO_OUTPUT","0","0"
"Av4_3244","20270301_h450_r0_p0_ym45_TPMC_N400000_S101","results/Av4_3244/20270301_h450_r0_p0_ym45_TPMC_N400000_S101","NO_OUTPUT","0","0"
"Av4_3244","20270301_h450_r0_p0_ym90_TPMC_N400000_S101","results/Av4_3244/20270301_h450_r0_p0_ym90_TPMC_N400000_S101","NO_OUTPUT","0","0"
"Av4_3244","20270301_h450_r0_p45_y0_TPMC_N20000_S101","results/Av4_3244/20270301_h450_r0_p45_y0_TPMC_N20000_S101","RESULTS_PRESENT","1","1007"
"Av4_3244","20270301_h450_r0_p45_y0_TPMC_N400000_S101","results/Av4_3244/20270301_h450_r0_p45_y0_TPMC_N400000_S101","RESULTS_PRESENT","9","3566423"
"Av4_3244","20270301_h450_r0_p45_y45_TPMC_N400000_S101","results/Av4_3244/20270301_h450_r0_p45_y45_TPMC_N400000_S101","RESULTS_PRESENT","9","3626183"
"Av4_3244","20270301_h450_r0_p45_y90_TPMC_N400000_S101","results/Av4_3244/20270301_h450_r0_p45_y90_TPMC_N400000_S101","RESULTS_PRESENT","9","3827327"
"Av4_3244","20270301_h450_r0_p45_ym45_TPMC_N400000_S101","results/Av4_3244/20270301_h450_r0_p45_ym45_TPMC_N400000_S101","RESULTS_PRESENT","9","3632265"
"Av4_3244","20270301_h450_r0_p45_ym90_TPMC_N400000_S101","results/Av4_3244/20270301_h450_r0_p45_ym90_TPMC_N400000_S101","RESULTS_PRESENT","9","3822351"
"Av4_3244","20270301_h450_r0_p90_y0_TPMC_N400000_S101","results/Av4_3244/20270301_h450_r0_p90_y0_TPMC_N400000_S101","RESULTS_PRESENT","9","3732491"
"Av4_3244","20270301_h450_r0_pm45_y0_TPMC_N400000_S101","results/Av4_3244/20270301_h450_r0_pm45_y0_TPMC_N400000_S101","RESULTS_PRESENT","9","3567603"
"Av4_3244","20270301_h450_r0_pm90_y0_TPMC_N400000_S101","results/Av4_3244/20270301_h450_r0_pm90_y0_TPMC_N400000_S101","RESULTS_PRESENT","9","3735011"
"coarse1146","20270301_h450_r0_p45_y0","results/coarse1146/20270301_h450_r0_p45_y0","RESULTS_PRESENT","3","2544"
